source,subreddit_or_ticker,post_id,created_utc,created_datetime,title,text,score_or_likes,num_comments,url,permalink,stocktwits_sentiment_label,combined_text,clean_text,lda_text,token_count,emotion_admiration,emotion_amusement,emotion_anger,emotion_annoyance,emotion_approval,emotion_caring,emotion_confusion,emotion_curiosity,emotion_desire,emotion_disappointment,emotion_disapproval,emotion_disgust,emotion_embarrassment,emotion_excitement,emotion_fear,emotion_gratitude,emotion_grief,emotion_joy,emotion_love,emotion_nervousness,emotion_neutral,emotion_optimism,emotion_pride,emotion_realization,emotion_relief,emotion_remorse,emotion_sadness,emotion_surprise
stocktwits,TSLA,654507504,1779895500.0,2026-05-27T15:25:00Z,,$TSLA wounded bird same play,,,https://stocktwits.com/syril/message/654507504,https://stocktwits.com/syril/message/654507504,,nan $TSLA wounded bird same play,nan TSLA wounded bird same play,nan tsla wounded bird same play,6,8.764259109739214e-05,9.571044938638806e-05,0.00015722903481218964,0.0003180411586072296,0.00027583527844399214,4.585349597618915e-05,6.031767406966537e-05,4.575716957333498e-05,4.137858559261076e-05,0.00013100769137963653,0.00012499195872806013,8.650529343867674e-05,2.934864278358873e-05,5.809108552057296e-05,5.580228753387928e-05,2.837788633769378e-05,1.908412559714634e-05,6.095062053645961e-05,4.4093172618886456e-05,1.2757535841956269e-05,0.9978296160697937,6.832228973507881e-05,1.1936072951357346e-05,0.00014783207734581083,1.0585752534097992e-05,1.5240925677062478e-05,0.00010482005018275231,3.283123078290373e-05
stocktwits,TSLA,654507176,1779895386.0,2026-05-27T15:23:06Z,,"$WMT 
Bro we’re looking at $2000+ a share. Bears played to much. $TSLA 
They’re like that one kid at the park who didn’t bring a basketball to play but insist on ball hogging even when they’re down by “30 points” $SPY 
That starting five would be Buffet, Burry, Fink, Dimon, and Griffin",,,https://stocktwits.com/PivotalSaints/message/654507176,https://stocktwits.com/PivotalSaints/message/654507176,Bullish,"nan $WMT 
Bro we’re looking at $2000+ a share. Bears played to much. $TSLA 
They’re like that one kid at the park who didn’t bring a basketball to play but insist on ball hogging even when they’re down by “30 points” $SPY 
That starting five would be Buffet, Burry, Fink, Dimon, and Griffin","nan WMT Bro we re looking at 2000 a share. Bears played to much. TSLA They re like that one kid at the park who didn t bring a basketball to play but insist on ball hogging even when they re down by 30 points SPY That starting five would be Buffet, Burry, Fink, Dimon, and Griffin",nan wmt bro looking share bears played much tsla one kid park didn bring basketball play insist ball hogging even down points spy starting five buffet burry fink dimon griffin,30,9.372814383823425e-05,8.37861152831465e-05,9.102133481064811e-05,0.0004977992502972484,0.0005748889525420964,3.572866626200266e-05,5.8695426560007036e-05,3.2966749131446704e-05,3.867303894367069e-05,0.00015621721104253083,0.00023981659614946693,6.07160254730843e-05,2.005978603847325e-05,4.0939139580586925e-05,2.365280124649871e-05,1.8846654711524025e-05,8.955102202889975e-06,4.663737854571082e-05,2.9414948585326783e-05,8.055384569161106e-06,0.9973580241203308,9.723216498969123e-05,1.0294527783116791e-05,0.0002817646600306034,1.1384315257600974e-05,8.800675459497143e-06,4.9871010560309514e-05,2.19787543755956e-05
stocktwits,TSLA,654506344,1779895089.0,2026-05-27T15:18:09Z,,"$TSLA sitting right on a key LTF pivot. 
 
445 is the line in the sand. Bulls need a clean reclaim with volume, not a weak pop and fade. If 445 holds and gets accepted, it opens a path toward 485 and potentially a new expansion leg. 
 
If rejection repeats, then probability shifts back into a pullback to build a higher low on 4H structure before any real trend continuation. 
 
Right now it’s simple: breakout attempt vs rejection test. Market is deciding, not confirming. 
 
745 is the broader momentum trigger. Above it, bulls stay in control. Below it, expect chop and rotation. 
 
How are you positioning this, breakout chase or waiting for the higher low? 
 
Follow me    👉@ChipDistribution7 for real-time updates and everything. Let’s make moves!",,,https://stocktwits.com/ChipDistribution7/message/654506344,https://stocktwits.com/ChipDistribution7/message/654506344,,"nan $TSLA sitting right on a key LTF pivot. 
 
445 is the line in the sand. Bulls need a clean reclaim with volume, not a weak pop and fade. If 445 holds and gets accepted, it opens a path toward 485 and potentially a new expansion leg. 
 
If rejection repeats, then probability shifts back into a pullback to build a higher low on 4H structure before any real trend continuation. 
 
Right now it’s simple: breakout attempt vs rejection test. Market is deciding, not confirming. 
 
745 is the broader momentum trigger. Above it, bulls stay in control. Below it, expect chop and rotation. 
 
How are you positioning this, breakout chase or waiting for the higher low? 
 
Follow me    👉@ChipDistribution7 for real-time updates and everything. Let’s make moves!","nan TSLA sitting right on a key LTF pivot. 445 is the line in the sand. Bulls need a clean reclaim with volume, not a weak pop and fade. If 445 holds and gets accepted, it opens a path toward 485 and potentially a new expansion leg. If rejection repeats, then probability shifts back into a pullback to build a higher low on 4H structure before any real trend continuation. Right now it s simple breakout attempt vs rejection test. Market is deciding, not confirming. 745 is the broader momentum trigger. Above it, bulls stay in control. Below it, expect chop and rotation. How are you positioning this, breakout chase or waiting for the higher low? Follow me ChipDistribution7 for real-time updates and everything. Let s make moves!",nan tsla sitting right key ltf pivot line sand bulls need clean reclaim volume weak pop fade holds gets accepted opens path toward potentially new expansion leg rejection repeats probability shifts back pullback build higher low structure before any real trend continuation right simple breakout attempt rejection test market deciding confirming broader momentum trigger above bulls stay control below expect chop rotation how positioning breakout chase waiting higher low follow chipdistribution real time updates everything let make moves,78,0.0005641929456032813,0.0002741984208114445,0.00042305391980335116,0.002260958543047309,0.030046582221984863,0.0010611806064844131,0.02130078338086605,0.048491429537534714,0.0008505611913278699,0.0005409004515968263,0.0017086633015424013,0.0001646393648115918,6.65526749799028e-05,0.000597702746745199,0.0002457422961015254,6.669506547041237e-05,5.667877121595666e-05,0.00030652794521301985,0.00033923302544280887,0.00015146256191655993,0.8826540112495422,0.0036667140666395426,4.1788440285017714e-05,0.0032690262887626886,0.00011132728104712442,6.751323235221207e-05,0.00024026542087085545,0.0004316367849241942
stocktwits,TSLA,654506075,1779894998.0,2026-05-27T15:16:38Z,,"$TSLA Basically, the market might do what you think it&#39;s going to, but because of options, it&#39;s going to do it in the most retarded and unexpeted way. Has to kill all the premiums first.",,,https://stocktwits.com/Sweaty_Druid/message/654506075,https://stocktwits.com/Sweaty_Druid/message/654506075,,"nan $TSLA Basically, the market might do what you think it&#39;s going to, but because of options, it&#39;s going to do it in the most retarded and unexpeted way. Has to kill all the premiums first.","nan TSLA Basically, the market might do what you think it 39 s going to, but because of options, it 39 s going to do it in the most retarded and unexpeted way. Has to kill all the premiums first.",nan tsla basically market might think going because options going most retarded unexpeted way kill premiums first,17,8.422249811701477e-05,9.909101208904758e-05,0.00023271948157344013,0.002118301810696721,0.0024874573573470116,8.57709237607196e-05,0.00015986112703103572,5.0982635002583265e-05,0.00012204372615087777,0.0004539428628049791,0.001013224944472313,0.00015051357331685722,3.1804022000869736e-05,4.060610444867052e-05,5.8109279052587226e-05,2.736385795287788e-05,1.7348631445202045e-05,4.3670643208315596e-05,3.5752291296375915e-05,1.697083280305378e-05,0.9906796813011169,0.0005737313767895103,1.669017547101248e-05,0.0012183691142126918,2.2960506612434983e-05,1.5595634977216832e-05,0.00010654013749444857,3.6664936487795785e-05
stocktwits,TSLA,654505899,1779894946.0,2026-05-27T15:15:46Z,,$TSLA bull trap there. Rejected,,,https://stocktwits.com/Grkgy88/message/654505899,https://stocktwits.com/Grkgy88/message/654505899,,nan $TSLA bull trap there. Rejected,nan TSLA bull trap there. Rejected,nan tsla bull trap rejected,5,0.0005449809250421822,0.0003499472513794899,0.004147485364228487,0.024545328691601753,0.003561967285349965,0.0005327084218151867,0.0013016272569075227,0.0005773926386609674,0.000723771401681006,0.025025825947523117,0.8421966433525085,0.0013349290238693357,0.0006198808550834656,0.00037706224247813225,0.0002416040952084586,0.0006569901597686112,0.0001618860405869782,0.0004040151834487915,0.0004259334527887404,0.0001577231305418536,0.08573038130998611,0.000996374641545117,0.00010218577517662197,0.0022574509494006634,0.00021225525415502489,0.00039112736703827977,0.00191203982103616,0.0005104581359773874
stocktwits,TSLA,654505883,1779894942.0,2026-05-27T15:15:42Z,,$TSLA put out that spacehoax ipo already i wanna buy puts on this pos,,,https://stocktwits.com/everevolving09/message/654505883,https://stocktwits.com/everevolving09/message/654505883,,nan $TSLA put out that spacehoax ipo already i wanna buy puts on this pos,nan TSLA put out that spacehoax ipo already i wanna buy puts on this pos,nan tsla put spacehoax ipo already wanna buy puts pos,10,9.223413508152589e-05,0.00010381225001765415,0.00013861256593372673,0.0005173770477995276,0.00046083173947408795,7.455413287971169e-05,0.0001203584106406197,0.00012930047523695976,0.00040415069088339806,0.00016898379544727504,0.00018893297237809747,8.690033428138122e-05,1.9244585928390734e-05,8.894584607332945e-05,3.676147389342077e-05,2.459453753544949e-05,1.4562833712261636e-05,6.03732441959437e-05,6.283526454353705e-05,1.3816508726449683e-05,0.9967032074928284,0.00015652953879907727,1.0180565368500538e-05,0.00017539222608320415,1.062799128703773e-05,1.576117028889712e-05,9.54231436480768e-05,2.574719110270962e-05
stocktwits,TSLA,654505486,1779894817.0,2026-05-27T15:13:37Z,,$TSLA Lol Will produce amplified pure energy directly from the sun ;),,,https://stocktwits.com/bushka/message/654505486,https://stocktwits.com/bushka/message/654505486,Bullish,nan $TSLA Lol Will produce amplified pure energy directly from the sun ;),nan TSLA Lol Will produce amplified pure energy directly from the sun,nan tsla lol produce amplified pure energy directly sun,9,0.0027523087337613106,0.9016026258468628,0.00033095350954681635,0.0009983356576412916,0.004730670712888241,0.000716977461706847,0.0003090426616836339,0.000617150857578963,0.0006260176305659115,0.00029689547955058515,0.0005424271221272647,0.0001562331453897059,0.00013487934484146535,0.0016371244564652443,0.00011049119348172098,0.00026581858401186764,7.718650158494711e-05,0.04863576963543892,0.0011663615005090833,0.00010210261098109186,0.02852221578359604,0.0032909768633544445,0.0001325573248323053,0.0010323678143322468,0.0003492126998025924,0.00015467415505554527,0.0004937837366014719,0.00021510411170311272
stocktwits,TSLA,654505381,1779894778.0,2026-05-27T15:12:58Z,,$TSLA let’s see if 442.5 rejects,,1.0,https://stocktwits.com/Grkgy88/message/654505381,https://stocktwits.com/Grkgy88/message/654505381,,nan $TSLA let’s see if 442.5 rejects,nan TSLA let s see if 442.5 rejects,nan tsla let see rejects,5,3.780412589549087e-05,0.00013848894741386175,0.00013546871196012944,0.0006194569286890328,0.0003377500979695469,4.1864517697831616e-05,0.000349632726283744,0.0002113396767526865,6.863491580588743e-05,0.0002454217174090445,0.0005232251132838428,7.014023140072823e-05,3.170921991113573e-05,5.775347017333843e-05,3.297922739875503e-05,1.8234113667858765e-05,1.4825714060862083e-05,5.2293878979980946e-05,3.211755756638013e-05,1.643216637603473e-05,0.9963919520378113,0.00012193107249913737,6.253659194044303e-06,0.00027695903554558754,1.0050827768282034e-05,1.5020273167465348e-05,9.091704123420641e-05,5.1299051847308874e-05
stocktwits,TSLA,654505127,1779894704.0,2026-05-27T15:11:44Z,,"$TSLA  
 
Currently up 12% on these lovely longs.  
 
ATHs incoming... if the Daily Order Flow remains Bullish.",,1.0,https://stocktwits.com/DWldn/message/654505127,https://stocktwits.com/DWldn/message/654505127,Bullish,"nan $TSLA  
 
Currently up 12% on these lovely longs.  
 
ATHs incoming... if the Daily Order Flow remains Bullish.",nan TSLA Currently up 12 on these lovely longs. ATHs incoming... if the Daily Order Flow remains Bullish.,nan tsla currently lovely longs aths incoming daily order flow remains bullish,12,0.0010513444431126118,0.00011409955186536536,7.575398922199383e-05,0.00020794544252566993,0.004826697055250406,0.00012724501721095294,5.641484312945977e-05,5.931086707278155e-05,0.00012310400779824704,0.00011686886136885732,0.00010013975406764075,6.101464532548562e-05,1.59719984367257e-05,0.00037288753082975745,4.0226077544502914e-05,4.6489836677210405e-05,1.628555946808774e-05,0.0003924623306374997,0.0002812455641105771,1.7697828297968954e-05,0.9909323453903198,0.00028734756051562726,5.764048910350539e-05,0.0004504190001171082,4.82208670291584e-05,1.6342626622645184e-05,6.868682248750702e-05,3.5813009162666276e-05
stocktwits,TSLA,654505112,1779894699.0,2026-05-27T15:11:39Z,,"$MCOM $SPY $TSLA 
HahahahahahahahahahahamawahahwhHhahahaha 😈 $GRPS",,,https://stocktwits.com/PivotalSaints/message/654505112,https://stocktwits.com/PivotalSaints/message/654505112,Bullish,"nan $MCOM $SPY $TSLA 
HahahahahahahahahahahamawahahwhHhahahaha 😈 $GRPS",nan MCOM SPY TSLA HahahahahahahahahahahamawahahwhHhahahaha GRPS,nan mcom spy tsla hahahahahahahahahahahamawahahwhhhahahaha grps,6,0.001287065795622766,0.9858936071395874,0.000120435310236644,0.000382380181690678,0.0008738494361750782,0.00014938983076717705,0.00017627791385166347,0.0002767555124592036,0.00014565059973392636,0.00012396243982948363,0.00017331574053969234,9.50902613112703e-05,7.73318752180785e-05,0.0002767940459307283,3.250914596719667e-05,0.00022597434872295707,2.8034046408720315e-05,0.004942160565406084,0.0008575988467782736,3.087762161158025e-05,0.002428793115541339,0.0004461703065317124,2.5278581233578734e-05,0.0004370299575384706,6.352574564516544e-05,7.552903844043612e-05,0.0002379689394729212,0.00011648125655483454
stocktwits,TSLA,654505095,1779894694.0,2026-05-27T15:11:34Z,,$TSLA I have been saying all time high before years end.  Thinking more likely all time high in next 2 months.  July.,,,https://stocktwits.com/WhatTheActualFRK/message/654505095,https://stocktwits.com/WhatTheActualFRK/message/654505095,,nan $TSLA I have been saying all time high before years end.  Thinking more likely all time high in next 2 months.  July.,nan TSLA I have been saying all time high before years end. Thinking more likely all time high in next 2 months. July.,nan tsla saying time high before years end thinking likely time high next months july,15,0.0013142452808097005,0.0007403233903460205,0.00019319378770887852,0.0008239401504397392,0.012736843898892403,0.0009178515756502748,0.003071567742154002,0.003207401605322957,0.016705013811588287,0.0015933458926156163,0.0009728138684295118,0.000269134936388582,0.00011488577001728117,0.0034672871697694063,0.0004670065245591104,0.0005461634718813002,0.00013979071809444577,0.0010358167346566916,0.0005956413806416094,0.00029889782308600843,0.8106105923652649,0.12774789333343506,0.0001743086613714695,0.009913903661072254,0.00026929410523734987,0.00022333464585244656,0.0005794003955088556,0.001270121312700212
stocktwits,TSLA,654505060,1779894685.0,2026-05-27T15:11:25Z,,$NIO Rode up $INTC from 18. Nio is the next trade. Holding shares &amp; calls. Oil is going up to stay up high for years. Massive catalyst for all EV companies &amp; the chips/batteries needed to make them. $TSLA $NVDA,,,https://stocktwits.com/AbraKrak/message/654505060,https://stocktwits.com/AbraKrak/message/654505060,,nan $NIO Rode up $INTC from 18. Nio is the next trade. Holding shares &amp; calls. Oil is going up to stay up high for years. Massive catalyst for all EV companies &amp; the chips/batteries needed to make them. $TSLA $NVDA,nan NIO Rode up INTC from 18. Nio is the next trade. Holding shares amp calls. Oil is going up to stay up high for years. Massive catalyst for all EV companies amp the chips batteries needed to make them. TSLA NVDA,nan nio rode intc nio next trade holding shares amp calls oil going stay high years massive catalyst companies amp chips batteries needed make tsla nvda,26,0.00013748662604484707,6.5509149862919e-05,4.816142245545052e-05,0.00017471604223828763,0.0008734507136978209,4.9848804337671027e-05,7.091696897987276e-05,4.276981053408235e-05,6.487976497737691e-05,8.598344720667228e-05,0.00011519372492330149,4.630627154256217e-05,1.1693106898746919e-05,7.491331780329347e-05,3.961677066399716e-05,2.3278171283891425e-05,9.773721103556454e-06,5.042582779424265e-05,4.525282929535024e-05,1.1578212252061348e-05,0.99736088514328,0.0001898529881145805,1.2333620361459907e-05,0.00030154763953760266,1.2060857443429995e-05,9.008062079374213e-06,4.6430970542132854e-05,2.6119938411284238e-05
stocktwits,TSLA,654504814,1779894616.0,2026-05-27T15:10:16Z,,$TSLA sweep buyers exhausted. Either going lower or range bound. Still watching,,,https://stocktwits.com/Grkgy88/message/654504814,https://stocktwits.com/Grkgy88/message/654504814,Bearish,nan $TSLA sweep buyers exhausted. Either going lower or range bound. Still watching,nan TSLA sweep buyers exhausted. Either going lower or range bound. Still watching,nan tsla sweep buyers exhausted either going lower range bound still watching,12,0.0001359649031655863,8.765837992541492e-05,0.00018517608987167478,0.0008981501450762153,0.003223431296646595,0.0002908750902861357,0.01685316115617752,0.0021046199835836887,0.00017800551722757518,0.0005994489183649421,0.0012932387180626392,0.00019166720448993146,6.32753362879157e-05,0.00010439485049573705,0.00017321718041785061,6.15121316513978e-05,3.836394171230495e-05,8.001796231837943e-05,0.0001630877231946215,7.806489884387702e-05,0.9702001810073853,0.0010574935004115105,1.803401937650051e-05,0.0014845349360257387,4.058320337207988e-05,5.965753734926693e-05,0.00018278235802426934,0.00015341787366196513
stocktwits,TSLA,654504617,1779894545.0,2026-05-27T15:09:05Z,,"$MCOM 
I never I would see $4.20 a share $TSLA 
😭 $SPY august im getting paid out finally",,,https://stocktwits.com/PivotalSaints/message/654504617,https://stocktwits.com/PivotalSaints/message/654504617,Bullish,"nan $MCOM 
I never I would see $4.20 a share $TSLA 
😭 $SPY august im getting paid out finally",nan MCOM I never I would see 4.20 a share TSLA SPY august im getting paid out finally,nan mcom never see share tsla spy august getting paid finally,11,0.0004581603279802948,0.0025138966739177704,0.0002148478670278564,0.0014711024705320597,0.007536179386079311,0.00026653928216546774,0.00017449192819185555,0.00032344876672141254,0.002035700948908925,0.0034775661770254374,0.0007997570210136473,0.00022512943542096764,0.0003076957946177572,0.0052594756707549095,0.0002365446271141991,0.00015708565479144454,0.00019231418264098465,0.0038077738136053085,0.0008730918052606285,0.00024411432968918234,0.9559364318847656,0.005146987270563841,0.00028659211238846183,0.0044497353956103325,0.000497903733048588,0.00020687664800789207,0.0017591374926269054,0.00114143593236804
stocktwits,TSLA,654504565,1779894528.0,2026-05-27T15:08:48Z,,"$TSLA        either a pause, or breakdown coming; Nvda trying to take down the market smh",,,https://stocktwits.com/Jeffrice737/message/654504565,https://stocktwits.com/Jeffrice737/message/654504565,Bullish,"nan $TSLA        either a pause, or breakdown coming; Nvda trying to take down the market smh","nan TSLA either a pause, or breakdown coming Nvda trying to take down the market smh",nan tsla either pause breakdown coming nvda trying take down market smh,12,7.400236063404009e-05,8.826196426525712e-05,8.37274783407338e-05,0.00026902605895884335,0.0007285859901458025,4.295477265259251e-05,0.0010282741859555244,0.0001886392419692129,4.042376167490147e-05,0.00015308469301089644,0.00025545438984408975,8.424376574112102e-05,3.272576577728614e-05,5.753945515607484e-05,6.596698221983388e-05,4.007920506410301e-05,1.7672806279733777e-05,5.471964323078282e-05,4.9766484153224155e-05,1.9914121367037296e-05,0.9957707524299622,0.00013420711911749095,9.869399036688264e-06,0.0005409913719631732,1.3963179299025796e-05,1.8547598301665857e-05,8.17784239188768e-05,5.483613858814351e-05
stocktwits,TSLA,654504532,1779894519.0,2026-05-27T15:08:39Z,,$TSLA thinkingn of selling AI stocks and moving all to tesla.,,,https://stocktwits.com/AcneBoy/message/654504532,https://stocktwits.com/AcneBoy/message/654504532,,nan $TSLA thinkingn of selling AI stocks and moving all to tesla.,nan TSLA thinkingn of selling AI stocks and moving all to tesla.,nan tsla thinkingn selling stocks moving tesla,7,6.821627175668254e-05,8.602652815170586e-05,0.00010207470040768385,0.00031345116440206766,0.00038476509507745504,3.5139513784088194e-05,7.966889825183898e-05,4.414204886415973e-05,3.726784052560106e-05,0.00011654872650979087,0.0001308007922489196,6.865465547889471e-05,2.4736920750001445e-05,5.446855357149616e-05,4.232773426338099e-05,2.4596716684754938e-05,1.3505706192518119e-05,5.193481774767861e-05,3.172680953866802e-05,1.1588588677113876e-05,0.997847318649292,7.307664782274514e-05,9.898491953208577e-06,0.00022243810235522687,1.0323591595806647e-05,1.175636407424463e-05,7.466221723007038e-05,2.892273369070608e-05
stocktwits,TSLA,654504155,1779894382.0,2026-05-27T15:06:22Z,,$TSLA qqq breaking down. No more fuel. Down we go,,,https://stocktwits.com/Grkgy88/message/654504155,https://stocktwits.com/Grkgy88/message/654504155,,nan $TSLA qqq breaking down. No more fuel. Down we go,nan TSLA qqq breaking down. No more fuel. Down we go,nan tsla qqq breaking down fuel down,7,6.854171078884974e-05,8.080517000053078e-05,0.00013126021076459438,0.0003763800486922264,0.000326974579365924,3.728154842974618e-05,8.100824925350025e-05,4.480899224290624e-05,3.380432099220343e-05,0.0001508067944087088,0.0001917965419124812,8.025834540603682e-05,2.8299569748924114e-05,4.9469883379060775e-05,5.3059669880894944e-05,2.3270024030352943e-05,1.5952322428347543e-05,5.6824592320481315e-05,3.052696047234349e-05,1.4531709894072264e-05,0.997696578502655,5.9244634030619636e-05,9.842328836384695e-06,0.00019997030904050916,1.15423808892956e-05,1.1653929504973348e-05,0.00010245599696645513,3.305382051621564e-05
stocktwits,TSLA,654504130,1779894376.0,2026-05-27T15:06:16Z,,"$TSLA $SPCX  
Complete fantasy valuation at even $1.25 trillion for another money-burning Elon Fantasy Business™.",,,https://stocktwits.com/trumpdisasterprez/message/654504130,https://stocktwits.com/trumpdisasterprez/message/654504130,,"nan $TSLA $SPCX  
Complete fantasy valuation at even $1.25 trillion for another money-burning Elon Fantasy Business™.",nan TSLA SPCX Complete fantasy valuation at even 1.25 trillion for another money-burning Elon Fantasy Business .,nan tsla spcx complete fantasy valuation even trillion another money burning elon fantasy business,14,0.0001629041798878461,0.0001401167392032221,8.200880256481469e-05,0.00023363738728221506,0.00048549077473580837,3.39230646204669e-05,6.760744145140052e-05,7.743754395050928e-05,9.690277511253953e-05,9.650381980463862e-05,8.057622471824288e-05,6.578258762601763e-05,1.9557946870918386e-05,0.00024868841865099967,5.242480256129056e-05,2.386262349318713e-05,1.3118992683303077e-05,0.00010933490557363257,5.152380254003219e-05,1.4028513760422356e-05,0.9973863959312439,0.00012963190965820104,1.6917954781092703e-05,0.00016952493751887232,1.2681613043241668e-05,1.0166132597078104e-05,5.888587475055829e-05,6.0405411204556e-05
stocktwits,TSLA,654503782,1779894268.0,2026-05-27T15:04:28Z,,$TSLA lol everytime it tries to drop you literally see a $1 pump save. Just buy calls this stock is so manipulated you know it&#39;s only going up,,,https://stocktwits.com/Moneyboss3/message/654503782,https://stocktwits.com/Moneyboss3/message/654503782,Bullish,nan $TSLA lol everytime it tries to drop you literally see a $1 pump save. Just buy calls this stock is so manipulated you know it&#39;s only going up,nan TSLA lol everytime it tries to drop you literally see a 1 pump save. Just buy calls this stock is so manipulated you know it 39 s only going up,nan tsla lol everytime tries drop literally see pump save buy calls stock manipulated know only going,17,0.0008206326165236533,0.899042546749115,0.00044815678847953677,0.0026118429377675056,0.0044119092635810375,0.0004039079649373889,0.0002690456749405712,0.00029185283347032964,0.00030190940015017986,0.00047305392217822373,0.0007854719297029078,0.00022619153605774045,0.00021017761901021004,0.0006476736743934453,0.00010541528899921104,0.0001566880091559142,6.163772923173383e-05,0.011795497499406338,0.0004740081203635782,9.770085307536647e-05,0.07164443284273148,0.0013430711114779115,8.487773447996005e-05,0.0023782404605299234,0.00023391081776935607,0.00010146993736270815,0.0003730116004589945,0.0002057702949969098
stocktwits,TSLA,654503777,1779894265.0,2026-05-27T15:04:25Z,,"$TSLA  
 
Awesome trade 
 
All out here on that pullback 
 
Easiest 50% you can make",,1.0,https://stocktwits.com/Steve_TheBull_Rogers/message/654503777,https://stocktwits.com/Steve_TheBull_Rogers/message/654503777,,"nan $TSLA  
 
Awesome trade 
 
All out here on that pullback 
 
Easiest 50% you can make",nan TSLA Awesome trade All out here on that pullback Easiest 50 you can make,nan tsla awesome trade here pullback easiest make,8,0.9540806412696838,0.0003945189237128943,0.00013394953566603363,0.0004925559624098241,0.016315313056111336,0.00015217778855003417,0.000258858926827088,0.0004545577394310385,0.00010930734424619004,0.0002535267558414489,0.00039194204146042466,8.551905921194702e-05,2.8097438189433888e-05,0.001046675373800099,4.20406176999677e-05,0.0004784045449923724,2.528623372199945e-05,0.0006332813063636422,0.00026014907052740455,1.4317398381535895e-05,0.02190309204161167,0.0008949283510446548,0.00030751695157960057,0.0008366084075532854,6.881211447762325e-05,2.1185669538681395e-05,8.489596075378358e-05,0.00023185760073829442
stocktwits,TSLA,654503750,1779894254.0,2026-05-27T15:04:14Z,,$AMD $AAPL $TSLA $NVDA $META Nothing new for  people who trading stocks/futures/options : &quot; Past performance is not necessarily indicative of future results.”,,1.0,https://stocktwits.com/RoniToni/message/654503750,https://stocktwits.com/RoniToni/message/654503750,,nan $AMD $AAPL $TSLA $NVDA $META Nothing new for  people who trading stocks/futures/options : &quot; Past performance is not necessarily indicative of future results.”,nan AMD AAPL TSLA NVDA META Nothing new for people who trading stocks futures options quot Past performance is not necessarily indicative of future results.,nan amd aapl tsla nvda meta nothing new people trading stocks futures options quot past performance necessarily indicative future results,20,0.00011595006799325347,8.35477258078754e-05,0.00011518716928549111,0.000792846956755966,0.0027161561883985996,8.967534813564271e-05,0.00038529204903170466,7.148805889301002e-05,5.3486150136450306e-05,0.0004744395846500993,0.005106127820909023,8.370435534743592e-05,3.934707274311222e-05,4.7813442506594583e-05,5.542057624552399e-05,5.383408279158175e-05,2.0589071937138215e-05,7.257048855535686e-05,4.723270103568211e-05,2.3411201254930347e-05,0.9876093864440918,0.0002737836621236056,1.6979611245915294e-05,0.0014355728635564446,3.469646253506653e-05,2.267767376906704e-05,0.00010920219938270748,4.959621946909465e-05
stocktwits,TSLA,654503730,1779894248.0,2026-05-27T15:04:08Z,,"$TSLA Their Sales numbers are Garbage 
Cars are nothing special 
People probably look up Crypto investments &amp; companies ownership in different fields when they buy 
Bubblecoin heading to $50,000 fast wont be Good for this, Trading @ 1000x Earnings",,,https://stocktwits.com/1Empire007/message/654503730,https://stocktwits.com/1Empire007/message/654503730,Bullish,"nan $TSLA Their Sales numbers are Garbage 
Cars are nothing special 
People probably look up Crypto investments &amp; companies ownership in different fields when they buy 
Bubblecoin heading to $50,000 fast wont be Good for this, Trading @ 1000x Earnings","nan TSLA Their Sales numbers are Garbage Cars are nothing special People probably look up Crypto investments amp companies ownership in different fields when they buy Bubblecoin heading to 50,000 fast wont be Good for this, Trading 1000x Earnings",nan tsla sales numbers garbage cars nothing special people probably look crypto investments amp companies ownership different fields buy bubblecoin heading fast wont good trading earnings,26,0.0005237364093773067,0.0006998192402534187,0.0025183921679854393,0.03324291110038757,0.005965924821794033,0.00034012479591183364,0.000837631116155535,0.0002134835085598752,0.0002718211617320776,0.008169237524271011,0.13696616888046265,0.0020872908644378185,0.00044992100447416306,0.00015931762754917145,0.00020780817430932075,0.00014591196668334305,8.604225877206773e-05,0.00020489725284278393,0.000181575829628855,0.00010538127389736474,0.8001106381416321,0.0008028530864976346,6.876537372590974e-05,0.004372869618237019,0.00010993130126735196,0.00011764340160880238,0.0008162419544532895,0.00022369317593984306
