source,subreddit_or_ticker,post_id,created_utc,created_datetime,title,text,score_or_likes,num_comments,url,permalink,stocktwits_sentiment_label
stocktwits,TSLA,654507504,1779895500.0,2026-05-27T15:25:00Z,,$TSLA wounded bird same play,,,https://stocktwits.com/syril/message/654507504,https://stocktwits.com/syril/message/654507504,
stocktwits,TSLA,654507176,1779895386.0,2026-05-27T15:23:06Z,,"$WMT 
Bro we’re looking at $2000+ a share. Bears played to much. $TSLA 
They’re like that one kid at the park who didn’t bring a basketball to play but insist on ball hogging even when they’re down by “30 points” $SPY 
That starting five would be Buffet, Burry, Fink, Dimon, and Griffin",,,https://stocktwits.com/PivotalSaints/message/654507176,https://stocktwits.com/PivotalSaints/message/654507176,Bullish
stocktwits,TSLA,654507094,1779895355.0,2026-05-27T15:22:35Z,,$TSLA 450 let’s go,,,https://stocktwits.com/longMVSTmoon/message/654507094,https://stocktwits.com/longMVSTmoon/message/654507094,Bullish
stocktwits,TSLA,654506344,1779895089.0,2026-05-27T15:18:09Z,,"$TSLA sitting right on a key LTF pivot. 
 
445 is the line in the sand. Bulls need a clean reclaim with volume, not a weak pop and fade. If 445 holds and gets accepted, it opens a path toward 485 and potentially a new expansion leg. 
 
If rejection repeats, then probability shifts back into a pullback to build a higher low on 4H structure before any real trend continuation. 
 
Right now it’s simple: breakout attempt vs rejection test. Market is deciding, not confirming. 
 
745 is the broader momentum trigger. Above it, bulls stay in control. Below it, expect chop and rotation. 
 
How are you positioning this, breakout chase or waiting for the higher low? 
 
Follow me    👉@ChipDistribution7 for real-time updates and everything. Let’s make moves!",,,https://stocktwits.com/ChipDistribution7/message/654506344,https://stocktwits.com/ChipDistribution7/message/654506344,
stocktwits,TSLA,654506211,1779895044.0,2026-05-27T15:17:24Z,,$TSLA ~ 10% to ath time to 🚀 ?,,,https://stocktwits.com/Sykes/message/654506211,https://stocktwits.com/Sykes/message/654506211,
stocktwits,TSLA,654506075,1779894998.0,2026-05-27T15:16:38Z,,"$TSLA Basically, the market might do what you think it&#39;s going to, but because of options, it&#39;s going to do it in the most retarded and unexpeted way. Has to kill all the premiums first.",,,https://stocktwits.com/Sweaty_Druid/message/654506075,https://stocktwits.com/Sweaty_Druid/message/654506075,
stocktwits,TSLA,654505899,1779894946.0,2026-05-27T15:15:46Z,,$TSLA bull trap there. Rejected,,,https://stocktwits.com/Grkgy88/message/654505899,https://stocktwits.com/Grkgy88/message/654505899,
stocktwits,TSLA,654505883,1779894942.0,2026-05-27T15:15:42Z,,$TSLA put out that spacehoax ipo already i wanna buy puts on this pos,,,https://stocktwits.com/everevolving09/message/654505883,https://stocktwits.com/everevolving09/message/654505883,
stocktwits,TSLA,654505765,1779894906.0,2026-05-27T15:15:06Z,,$TSLA tied,,,https://stocktwits.com/Bowsers/message/654505765,https://stocktwits.com/Bowsers/message/654505765,
stocktwits,TSLA,654505552,1779894840.0,2026-05-27T15:14:00Z,,$TSLA 🧐,,,https://stocktwits.com/LangstonOT101/message/654505552,https://stocktwits.com/LangstonOT101/message/654505552,Bullish
stocktwits,TSLA,654505529,1779894831.0,2026-05-27T15:13:51Z,,$TSLA V-POWER,,,https://stocktwits.com/koditrump/message/654505529,https://stocktwits.com/koditrump/message/654505529,Bullish
stocktwits,TSLA,654505486,1779894817.0,2026-05-27T15:13:37Z,,$TSLA Lol Will produce amplified pure energy directly from the sun ;),,,https://stocktwits.com/bushka/message/654505486,https://stocktwits.com/bushka/message/654505486,Bullish
stocktwits,TSLA,654505381,1779894778.0,2026-05-27T15:12:58Z,,$TSLA let’s see if 442.5 rejects,,1.0,https://stocktwits.com/Grkgy88/message/654505381,https://stocktwits.com/Grkgy88/message/654505381,
stocktwits,TSLA,654505127,1779894704.0,2026-05-27T15:11:44Z,,"$TSLA  
 
Currently up 12% on these lovely longs.  
 
ATHs incoming... if the Daily Order Flow remains Bullish.",,1.0,https://stocktwits.com/DWldn/message/654505127,https://stocktwits.com/DWldn/message/654505127,Bullish
stocktwits,TSLA,654505112,1779894699.0,2026-05-27T15:11:39Z,,"$MCOM $SPY $TSLA 
HahahahahahahahahahahamawahahwhHhahahaha 😈 $GRPS",,,https://stocktwits.com/PivotalSaints/message/654505112,https://stocktwits.com/PivotalSaints/message/654505112,Bullish
stocktwits,TSLA,654505095,1779894694.0,2026-05-27T15:11:34Z,,$TSLA I have been saying all time high before years end.  Thinking more likely all time high in next 2 months.  July.,,,https://stocktwits.com/WhatTheActualFRK/message/654505095,https://stocktwits.com/WhatTheActualFRK/message/654505095,
stocktwits,TSLA,654505060,1779894685.0,2026-05-27T15:11:25Z,,$NIO Rode up $INTC from 18. Nio is the next trade. Holding shares &amp; calls. Oil is going up to stay up high for years. Massive catalyst for all EV companies &amp; the chips/batteries needed to make them. $TSLA $NVDA,,,https://stocktwits.com/AbraKrak/message/654505060,https://stocktwits.com/AbraKrak/message/654505060,
stocktwits,TSLA,654504814,1779894616.0,2026-05-27T15:10:16Z,,$TSLA sweep buyers exhausted. Either going lower or range bound. Still watching,,,https://stocktwits.com/Grkgy88/message/654504814,https://stocktwits.com/Grkgy88/message/654504814,Bearish
stocktwits,TSLA,654504779,1779894601.0,2026-05-27T15:10:01Z,,$TSLA 440 new support?,,,https://stocktwits.com/RichieBaumer/message/654504779,https://stocktwits.com/RichieBaumer/message/654504779,Bullish
stocktwits,TSLA,654504617,1779894545.0,2026-05-27T15:09:05Z,,"$MCOM 
I never I would see $4.20 a share $TSLA 
😭 $SPY august im getting paid out finally",,,https://stocktwits.com/PivotalSaints/message/654504617,https://stocktwits.com/PivotalSaints/message/654504617,Bullish
stocktwits,TSLA,654504565,1779894528.0,2026-05-27T15:08:48Z,,"$TSLA        either a pause, or breakdown coming; Nvda trying to take down the market smh",,,https://stocktwits.com/Jeffrice737/message/654504565,https://stocktwits.com/Jeffrice737/message/654504565,Bullish
stocktwits,TSLA,654504532,1779894519.0,2026-05-27T15:08:39Z,,$TSLA thinkingn of selling AI stocks and moving all to tesla.,,,https://stocktwits.com/AcneBoy/message/654504532,https://stocktwits.com/AcneBoy/message/654504532,
stocktwits,TSLA,654504434,1779894477.0,2026-05-27T15:07:57Z,,$TSLA🐂,,,https://stocktwits.com/LangstonOT101/message/654504434,https://stocktwits.com/LangstonOT101/message/654504434,Bullish
stocktwits,TSLA,654504294,1779894429.0,2026-05-27T15:07:09Z,,$TSLA,,,https://stocktwits.com/Michael_MDC/message/654504294,https://stocktwits.com/Michael_MDC/message/654504294,
stocktwits,TSLA,654504155,1779894382.0,2026-05-27T15:06:22Z,,$TSLA qqq breaking down. No more fuel. Down we go,,,https://stocktwits.com/Grkgy88/message/654504155,https://stocktwits.com/Grkgy88/message/654504155,
stocktwits,TSLA,654504130,1779894376.0,2026-05-27T15:06:16Z,,"$TSLA $SPCX  
Complete fantasy valuation at even $1.25 trillion for another money-burning Elon Fantasy Business™.",,,https://stocktwits.com/trumpdisasterprez/message/654504130,https://stocktwits.com/trumpdisasterprez/message/654504130,
stocktwits,TSLA,654503782,1779894268.0,2026-05-27T15:04:28Z,,$TSLA lol everytime it tries to drop you literally see a $1 pump save. Just buy calls this stock is so manipulated you know it&#39;s only going up,,,https://stocktwits.com/Moneyboss3/message/654503782,https://stocktwits.com/Moneyboss3/message/654503782,Bullish
stocktwits,TSLA,654503777,1779894265.0,2026-05-27T15:04:25Z,,"$TSLA  
 
Awesome trade 
 
All out here on that pullback 
 
Easiest 50% you can make",,1.0,https://stocktwits.com/Steve_TheBull_Rogers/message/654503777,https://stocktwits.com/Steve_TheBull_Rogers/message/654503777,
stocktwits,TSLA,654503750,1779894254.0,2026-05-27T15:04:14Z,,$AMD $AAPL $TSLA $NVDA $META Nothing new for  people who trading stocks/futures/options : &quot; Past performance is not necessarily indicative of future results.”,,1.0,https://stocktwits.com/RoniToni/message/654503750,https://stocktwits.com/RoniToni/message/654503750,
stocktwits,TSLA,654503730,1779894248.0,2026-05-27T15:04:08Z,,"$TSLA Their Sales numbers are Garbage 
Cars are nothing special 
People probably look up Crypto investments &amp; companies ownership in different fields when they buy 
Bubblecoin heading to $50,000 fast wont be Good for this, Trading @ 1000x Earnings",,,https://stocktwits.com/1Empire007/message/654503730,https://stocktwits.com/1Empire007/message/654503730,Bullish
